id,ConceptA,ConceptB_Pre,prerequisite,Substituido,
1,Knowledge_representation_and_reasoning,Algorithm_design,1,N,
2,Natural_language_processing,Natural_language,1,N,
3,Algorithm,Combinatorics,1,N,
4,System_programming,Unix,1,N,
5,Random_graph,Combinatorics,1,N,
6,Mathematical_induction,Mathematical_proof,1,N,
7,Computer_vision,Image_processing,1,N,
8,Randomness,Mathematics,1,N,
9,Computer_science,Number_theory,1,N,
10,Database,Data_(computing),1,N,
11,Machine_learning,Graph_theory,1,N,
12,Type_system,Programming_language,1,N,
13,Variable_(computer_science),Programming_language,1,N,
14,Computer_programming,Logic,1,N,
15,Distributed_computing,Operating_system,1,N,
16,Monte_Carlo_method,Computation,1,N,
17,First-order_logic,Recursion,1,N,
18,Lexical_analysis,Formal_grammar,1,N,
19,Algorithm,Mathematics,1,N,
20,Shortest_path_problem,NP-completeness,1,N,
21,Probability_theory,Algebra,1,N,
22,System_programming,Computer_programming,1,N,
23,Graphical_user_interface,Computer,1,N,
24,Profiling_(computer_programming),Algorithm,1,N,
25,Complexity_class,Algorithm,1,N,
26,Computer_graphics,Geometry,1,N,
27,Relational_database,Computer_programming,1,N,
28,Software_development,Software_design,1,N,
29,Geometric_modeling,Computational_geometry,1,N,
30,Computational_complexity_theory,Complexity,1,N,
31,Statistical_inference,Data,1,N,
32,Martingale_(probability_theory),Markov_chain,1,N,
33,Arithmetic_logic_unit,Digital_electronics,1,N,
34,Data_mining,Artificial_intelligence,1,N,
35,Divide_and_conquer_algorithms,Algorithm_design,1,N,
36,Unix,Computer,1,N,
37,Robotics,Robot,1,N,
38,Computer_security,Mathematics,1,N,
39,Cache_coherence,Shared_memory,1,N,
40,Parsing,Finite-state_machine,1,N,
41,Malware,Authentication,1,N,
42,Firewall_(computing),Information_assurance,1,N,
43,Relational_model,Database,1,N,
44,Compiler,Computer_architecture,1,N,
45,Atomicity_(database_systems),Database,1,N,
46,Bioinformatics,Computer_programming,1,N,
47,Machine_learning,Markov_chain,1,N,
48,Algebra,Mathematics,1,N,
49,B-tree,Data_structure,1,N,
50,PageRank,Expected_value,1,N,
51,Computer_network,Computer_science,1,N,
52,Concurrency_(computer_science),Operating_system,1,N,
53,Algorithm,Iterative_method,1,N,
54,Multi-core_processor,Thread_(computing),1,N,
55,Software_engineering,Computer_programming,1,N,
56,Large_deviations_theory,Probability_theory,1,N,
57,Control_flow,Computer,1,N,
58,Monte_Carlo_method,Algorithm,1,N,
59,Human–computer_interaction,Interactivity,1,N,
60,Programming_paradigm,Computer_science,1,N,
61,Computer_programming,Computer_science,1,N,
62,Computer_graphics,Computer_science,1,N,
63,Computational_geometry,Computer_science,1,N,
64,Geometric_modeling,Algorithm,1,N,
65,Computer_vision,Geometry,1,N,
66,Geometry,Matrix_(mathematics),1,N,
67,Visualization_(graphics),Computer_graphics,1,N,
68,Profiling_(computer_programming),Computer_programming,1,N,
69,Graphical_model,Random_variable,1,N,
70,Algorithm,Logic,1,N,
71,String_(computer_science),Computer_programming,1,N,
72,Relational_database,Relational_model,1,N,
73,Query_language,Computer_programming,1,N,
74,Machine_learning,Computational_complexity_theory,1,N,
75,Matrix_(mathematics),Mathematics,1,N,
76,Theory_of_computation,Computer_science,1,N,
77,Object-oriented_programming,High-level_programming_language,1,N,
78,Database_index,Computer_programming,1,N,
79,Computational_chemistry,Computer_science,1,N,
80,Machine_learning,Statistical_inference,1,N,
81,Suffix_tree,String_searching_algorithm,1,N,
82,3D_modeling,Algorithm,1,N,
83,Analysis_of_algorithms,Probability_theory,1,N,
84,Programming_language,Data_structure,1,N,
85,Combinatorics,Finite_set,1,N,
86,Fourier_analysis,Polynomial,1,N,
87,Vector_processor,Parallel_computing,1,N,
88,Mobile_device,Computer,1,N,
89,Newton's_method,Approximation,1,N,
90,Computational_chemistry,Algorithm,1,N,
91,Symbol_table,Compiler,1,N,
92,Formal_language,Logic,1,N,
93,Document_classification,Machine_learning,1,N,
94,Cryptography,Computer_science,1,N,
95,Reinforcement_learning,Machine_learning,1,N,
96,Logic,Foundations_of_mathematics,1,N,
97,Partial_differential_equation,Mathematics,1,N,
98,Dynamic_programming,Algorithm,1,N,
99,Knowledge_representation_and_reasoning,Mathematics,1,N,
100,Stochastic_process,Continuous_function,1,N,
101,Machine_learning,Computational_science,1,N,
102,Haskell_(programming_language),Computer_programming,1,N,
103,Abstraction_(computer_science),Computer_science,1,N,
104,Rendering_(computer_graphics),Computer_graphics,1,N,
105,Software_engineering,Computational_complexity_theory,1,N,
106,Inequality_(mathematics),Mathematics,1,N,
107,Central_processing_unit,Computer_architecture,1,N,
108,Programming_paradigm,Programming_language,1,N,
109,Computational_complexity_theory,Computational_problem,1,N,
110,Combinatorics,Mathematics,1,N,
111,Image_analysis,Computer_science,1,N,
112,Distributed_computing,Computer_network,1,N,
113,Haskell_(programming_language),Functional_programming,1,N,
114,Data_type,Computer_science,1,N,
115,Complexity,Algorithm,1,N,
116,P_versus_NP_problem,Algorithm,1,N,
117,Scripting_language,Programming_language,1,N,
118,Algorithm_design,Computer_science,1,N,
119,Computer_science,Foundations_of_mathematics,1,N,
120,Scope_(computer_science),Programming_language,1,N,
121,Modular_programming,Scope_(computer_science),1,N,
122,Computer_graphics,Graphics,1,N,
123,Computer_vision,Analysis_of_algorithms,1,N,
124,Parallel_computing,Computing,1,N,
125,Natural_language_processing,Unsupervised_learning,1,N,
126,List_of_undecidable_problems,Computational_problem,1,N,
127,Ray_tracing_(graphics),Rendering_(computer_graphics),1,N,
128,Social_network,Graph_theory,1,N,
129,Statistical_hypothesis_testing,Data,1,N,
130,Artificial_intelligence,Numerical_analysis,1,N,
131,Software_development,Data_structure,1,N,
132,Communications_protocol,Algorithm,1,N,
133,Question_answering,Expert_system,1,N,
134,Algorithm,Mathematical_induction,1,N,
135,Information_theory,Probability_theory,1,N,
136,Stochastic_process,Random_variable,1,N,
137,Distributed_computing,Computer_programming,1,N,
138,Graphical_model,Data,1,N,
139,Recursively_enumerable_set,Finite_set,1,N,
140,Machine_translation,Algorithm,1,N,
141,Computational_complexity_theory,Integer,1,N,
142,Programming_language,Computer,1,N,
143,Propositional_calculus,Logic,1,N,
144,C++,Computer,1,N,
145,Scope_(computer_science),Computer_programming,1,N,
146,Shortest_path_problem,Graph_theory,1,N,
147,Inter-process_communication,Data,1,N,
148,Parsing,String_(computer_science),1,N,
149,Lexical_analysis,Regular_expression,1,N,
150,Computer_security,Security,1,N,
151,Data_mining,Data,1,N,
152,Robotics,Analysis_of_algorithms,1,N,
153,Algorithm,Theoretical_computer_science,1,N,
154,Hidden_Markov_model,Dynamic_programming,1,N,
155,Computer_graphics,Computer,1,N,
156,Sentiment_analysis,Machine_learning,1,N,
157,Computational_geometry,Algorithm,1,N,
158,Quantum_computing,Theoretical_computer_science,1,N,
159,Communications_protocol,Communication,1,N,
160,Mathematical_optimization,Linear_algebra,1,N,
161,Data_mining,Database,1,N,
162,Theoretical_computer_science,Computation,1,N,
163,Concurrency_control,Database,1,N,
164,Java_(programming_language),Computer_programming,1,N,
165,Communications_protocol,Synchronization,1,N,
166,Artificial_intelligence,Logic,1,N,
167,Operating_system,Central_processing_unit,1,N,
168,Cryptography,Mathematical_proof,1,N,
169,Boundary_value_problem,Ordinary_differential_equation,1,N,
170,Probability,Mathematics,1,N,
171,Recurrence_relation,Algorithm,1,N,
172,Object-oriented_programming,Abstract_data_type,1,N,
173,Mathematical_optimization,Algorithm,1,N,
174,Relational_database_management_system,Relational_algebra,1,N,
175,String_(computer_science),Data_structure,1,N,
176,Markov_chain,Conditional_probability,1,N,
177,Undecidable_problem,Computational_complexity_theory,1,N,
178,Concurrency_(computer_science),Computation,1,N,
179,Poisson_distribution,Expected_value,1,N,
180,Arithmetic_logic_unit,Computer,1,N,
181,Markov_chain,Random_variable,1,N,
182,Computer_security,Computer_science,1,N,
183,Automated_theorem_proving,Mathematical_induction,1,N,
184,Statistical_inference,Random_variable,1,N,
185,Computer_animation,Computational_geometry,1,N,
186,Random_walk,Graph_theory,1,N,
187,Artificial_intelligence,Reason,1,N,
188,Malware,Computer_security,1,N,
189,Relational_database_management_system,Relational_database,1,N,
190,Optimizing_compiler,Assembly_language,1,N,
191,Embedded_system,Operating_system,1,N,
192,Concurrent_computing,Computer,1,N,
193,Signal_processing,Probability,1,N,
194,Pattern_matching,Functional_programming,1,N,
195,Estimation_theory,Expected_value,1,N,
196,Computational_complexity_theory,Mathematics,1,N,
197,Ordinary_differential_equation,Polynomial,1,N,
198,Recursion_(computer_science),Algorithm,1,N,
199,Object-oriented_programming,Computer_science,1,N,
200,Query_language,Programming_language,1,N,
201,Computational_geometry,Algorithm_design,1,N,
202,Game_theory,Mathematical_model,1,N,
203,Computer_graphics,Image,1,N,
204,Computer_animation,Mathematics,1,N,
205,Formal_language,String_(computer_science),1,N,
206,Network_security,Computer_security,1,N,
207,Relational_model,Data,1,N,
208,Relational_database,Database,1,N,
209,Time_complexity,Computer_science,1,N,
210,Random_graph,Graph_theory,1,N,
211,Relational_database,Computer_science,1,N,
212,Algorithm,Computation,1,N,
213,Computer_science,Computer,1,N,
214,Turing_machine,Computation,1,N,
215,Graphical_model,Statistical_inference,1,N,
216,Kalman_filter,Expected_value,1,N,
217,Coding_theory,Computer_science,1,N,
218,Recurrence_relation,Mathematics,1,N,
219,Programming_paradigm,Data_structure,1,N,
220,Computer_network,Data,1,N,
221,Probability,Uncertainty,1,N,
222,Autonomous_robot,Robotics,1,N,
223,Analysis_of_algorithms,Algorithm,1,N,
224,NP_(complexity),Computer_science,1,N,
225,Genetic_algorithm,Algorithm,1,N,
226,Speech_recognition,Markov_chain,1,N,
227,Internet,Routing,1,N,
228,NP_(complexity),Turing_machine,1,N,
229,Autonomous_robot,Motion_planning,1,N,
230,SQL,Database,1,N,
231,Python_(programming_language),Object-oriented_programming,1,N,
232,Calculus,Algebra,1,N,
233,Software_engineering,Computer,1,N,
234,Correlation_and_dependence,Random_variable,1,N,
235,Finite_set,Mathematics,1,N,
236,Monad_(functional_programming),Computation,1,N,
237,Cryptography,Algorithm,1,N,
238,SQL,Computer_science,1,N,
239,Pipeline_(computing),Central_processing_unit,1,N,
240,Data_warehouse,Data_structure,1,N,
241,Haskell_(programming_language),Programming_language,1,N,
242,Software_engineering,Computer_science,1,N,
243,Programmer,Programming_language,1,N,
244,Interpolation,Numerical_analysis,1,N,
245,Finite-state_machine,Computer_science,1,N,
246,Cache_coherence,Parallel_computing,1,N,
247,Cluster_analysis,Computer_science,1,N,
248,Automated_theorem_proving,Predicate_logic,1,N,
249,NP_(complexity),Computational_complexity_theory,1,N,
250,Computer_graphics,Algorithm_design,1,N,
251,Graphical_model,Machine_learning,1,N,
252,Markov_chain,Expected_value,1,N,
253,Lexical_analysis,Finite-state_machine,1,N,
254,Finite_difference,Numerical_analysis,1,N,
255,Graphics_processing_unit,Parallel_computing,1,N,
256,Recursion_(computer_science),Computer_programming,1,N,
257,Transaction_processing,Database,1,N,
258,Compiler,Regular_expression,1,N,
259,Wireless_sensor_network,Communication,1,N,
260,B-tree,Computer_science,1,N,
261,Computational_complexity_theory,Foundations_of_mathematics,1,N,
262,Information_assurance,Information_security,1,N,
263,Web_browser,Computer,1,N,
264,Mathematical_proof,Mathematics,1,N,
265,Computational_complexity_theory,Computer_science,1,N,
266,Python_(programming_language),Computer_programming,1,N,
267,Relational_model,Predicate_logic,1,N,
268,Compiler,Computer_science,1,N,
269,CPU_cache,Computer_architecture,1,N,
270,Divide_and_conquer_algorithms,Algorithm,1,N,
271,Computer_programming,Computer,1,N,
272,Object-oriented_programming,Software_design_pattern,1,N,
273,Randomized_algorithm,Computational_complexity_theory,1,N,
274,Computational_complexity_theory,Algorithm_design,1,N,
275,Polynomial,Integer,1,N,
276,Algorithm,Polynomial,1,N,
277,Parallel_computing,Central_processing_unit,1,N,
278,String_searching_algorithm,Algorithm,1,N,
279,Object-oriented_programming,Object_(computer_science),1,N,
280,Application_software,Computer,1,N,
281,String_searching_algorithm,Regular_expression,1,N,
282,Complexity,Mathematics,1,N,
283,Artificial_neural_network,Machine_learning,1,N,
284,Parsing,Data_structure,1,N,
285,Analysis_of_algorithms,Turing_machine,1,N,
286,Martingale_(probability_theory),Expected_value,1,N,
287,Monte_Carlo_method,Statistical_inference,1,N,
288,Parametric_polymorphism,Data_type,1,N,
289,Finite_difference,Boundary_value_problem,1,N,
290,Java_(programming_language),Compiler,1,N,
291,Concurrency_control,Algorithm_design,1,N,
292,"Best,_worst_and_average_case",Computer_science,1,N,
293,Model_checking,Computer_science,1,N,
294,Machine_translation,Artificial_intelligence,1,N,
295,Parsing,Context-free_language,1,N,
296,Machine_learning,Artificial_intelligence,1,N,
297,Discrete_mathematics,Mathematical_proof,1,N,
298,Computer_graphics,Computer_programming,1,N,
299,PSPACE,Turing_machine,1,N,
301,Randomized_algorithm,Random_variable,1,N,
302,Information_theory,Conditional_probability,1,N,
303,Semantics_(computer_science),Programming_language,1,N,
304,Hash_table,"Best,_worst_and_average_case",1,N,
305,Object_(computer_science),Computer_science,1,N,
306,Data_structure,Computer_science,1,N,
307,Recursion,Control_flow,1,N,
308,C++,Object-oriented_programming,1,N,
309,Operating_system,Computer,1,N,
310,Authentication,Information_security,1,N,
311,Deadlock,Operating_system,1,N,
312,Functional_programming,Computer_science,1,N,
313,System_call,Operating_system,1,N,
314,Lisp_(programming_language),Scope_(computer_science),1,N,
315,Computational_problem,Computer_science,1,N,
316,Gradient_descent,Mathematical_optimization,1,N,
317,Algorithm,Problem_solving,1,N,
318,Perl,Compiler,1,N,
319,Pattern_recognition,Probability,1,N,
320,Java_(programming_language),Scope_(computer_science),1,N,
321,Machine_learning,Computer,1,N,
322,Volume_rendering,Computer_graphics,1,N,
323,Computer_network,Data_(computing),1,N,
324,Complexity_class,Computational_complexity_theory,1,N,
325,Concurrency_control,Computer_science,1,N,
326,Python_(programming_language),Computer,1,N,
327,Recursively_enumerable_set,Algorithm,1,N,
328,Randomized_algorithm,Randomization,1,N,
329,Compiler,Programming_language,1,N,
330,Analysis_of_algorithms,Combinatorics,1,N,
331,Java_(programming_language),Data_structure,1,N,
332,Software_engineering,Data_structure,1,N,
333,Parallel_algorithm,Algorithm,1,N,
334,Interaction_design,User_interface,1,N,
335,Web_search_engine,Algorithm,1,N,
336,Software,Operating_system,1,N,
337,Packet_switching,Computer_network,1,N,
338,Routing,Computer,1,N,
339,Rendering_(computer_graphics),Shading,1,N,
340,Operating_system,Computing,1,N,
341,Lazy_evaluation,Programming_language,1,N,
342,Algorithm,Abstraction_(computer_science),1,N,
343,Programming_language,Computability,1,N,
344,Autonomous_robot,Robot,1,N,
345,Numerical_analysis,Mathematics,1,N,
346,Speech_recognition,Computer_science,1,N,
347,Program_analysis,Computer_science,1,N,
348,Functional_programming,Computer_programming,1,N,
349,Reinforcement_learning,Artificial_intelligence,1,N,
350,Sparse_matrix,Matrix_(mathematics),1,N,
351,Sentiment_analysis,Document_classification,1,N,
352,Image_processing,Computer_programming,1,N,
353,Computer_vision,Computer_programming,1,N,
354,Big_data,Computer_science,1,N,
356,Algebra,Arithmetic,1,N,
357,Graph_coloring,Dynamic_programming,1,N,
358,User_interface_design,Computer,1,N,
359,Central_processing_unit,Computer,1,N,
360,Parallel_algorithm,Computer_science,1,N,
361,Cryptography,Computer_security,1,N,
362,Cryptanalysis,Mathematics,1,N,
363,Computational_chemistry,Computer_programming,1,N,
364,Analysis_of_algorithms,Computational_complexity_theory,1,N,
365,Internet_protocol_suite,Computer,1,N,
366,Divide_and_conquer_algorithms,Recursion,1,N,
367,String_searching_algorithm,Introduction_to_Algorithms,1,N,
368,MATLAB,Programming_language,1,N,
369,Computer_science,Discrete_mathematics,1,N,
370,Software_development,Object-oriented_programming,1,N,
371,Sentiment_analysis,Natural_language_processing,1,N,
372,Scripting_language,Computer_programming,1,N,
373,Pushdown_automaton,Computability,1,N,
374,Random_walk,Expected_value,1,N,
375,Formal_language,Discrete_mathematics,1,N,
376,Hidden_Markov_model,Probability_theory,1,N,
377,Database_design,Data_structure,1,N,
378,ML_(programming_language),Functional_programming,1,N,
379,Polymorphism_(computer_science),Programming_language,1,N,
380,Scheduling_(computing),Operating_system,1,N,
381,Database_design,Relational_model,1,N,
382,Embedded_system,Microprocessor,1,N,
383,Least_squares,Numerical_analysis,1,N,
384,Monte_Carlo_method,Integral,1,N,
385,Computational_complexity_theory,Computability,1,N,
386,Distributed_computing,Computational_problem,1,N,
387,Discrete_mathematics,Mathematics,1,N,
388,Exponential_family,Random_variable,1,N,
389,Hidden_Markov_model,Artificial_intelligence,1,N,
390,Concurrency_control,Analysis_of_algorithms,1,N,
391,Computational_geometry,Computational_science,1,N,
392,Stochastic_process,Randomness,1,N,
393,Random_walk,Graph_theory,1,N,
394,Recursion,Algorithm,1,N,
395,Ray_tracing_(graphics),Computer_graphics,1,N,
396,Automatic_programming,Computer_programming,1,N,
397,Firewall_(computing),Data,1,N,
398,Algorithm,Discrete_mathematics,1,N,
399,Linear_programming,Algorithm,1,N,
400,Software_design,Programming_language,1,N,
401,Imperative_programming,Control_flow,1,N,
402,Kernel_(operating_system),Operating_system,1,N,
403,Computer,Arithmetic,1,N,
404,Sufficient_statistic,Data,1,N,
405,Unsupervised_learning,Machine_learning,1,N,
406,Parsing,Algorithm,1,N,
407,Object-oriented_programming,Programming_language,1,N,
408,Correlation_and_dependence,Data,1,N,
409,Programming_language,Automata_theory,1,N,
410,Hash_table,Data_(computing),1,N,
411,Distributed_algorithm,Algorithm,1,N,
412,Monad_(functional_programming),Functional_programming,1,N,
413,Firewall_(computing),Network_security,1,N,
414,Finite-state_machine,Theory_of_computation,1,N,
415,Analysis_of_algorithms,Computational_science,1,N,
416,Semidefinite_programming,Approximation_algorithm,1,N,
417,Unix,Operating_system,1,N,
418,Database_design,Database,1,N,
419,High-level_programming_language,Computer_science,1,N,
420,Database_design,Database,1,N,
421,Computational_complexity_theory,Theoretical_computer_science,1,N,
422,Superscalar_processor,Multi-core_processor,1,N,
423,Graph_theory,Mathematics,1,N,
424,Model_of_computation,Computation,1,N,
425,Peer-to-peer,Computer_network,1,N,
426,Quantum_computing,Computer_science,1,N,
427,Markov_chain,Probability_theory,1,N,
428,C_(programming_language),Computer,1,N,
429,Analysis_of_algorithms,Asymptotic_analysis,1,N,
430,Lisp_(programming_language),Programming_language,1,N,
431,Stochastic_process,Randomization,1,N,
432,Computer_security,Computer,1,N,
433,Functional_programming,Recursion,1,N,
434,Knowledge_representation_and_reasoning,Logic,1,N,
435,Machine_learning,Probability,1,N,
436,Traffic_analysis,Cryptography,1,N,
437,Automated_planning_and_scheduling,Artificial_intelligence,1,N,
438,Undecidable_problem,Algorithm,1,N,
439,Cryptography,Mathematics,1,N,
440,Correlation_and_dependence,Expected_value,1,N,
441,Dynamic_programming,Computer_science,1,N,
442,CPU_cache,Computer,1,N,
443,Document_classification,Computer_science,1,N,
444,Linear_algebra,Mathematics,1,N,
445,Arithmetic_logic_unit,Combinational_logic,1,N,
446,Speech_recognition,Machine_learning,1,N,
447,Stochastic_process,Probability,1,N,
448,Computing,Computation,1,N,
449,Database,Data,1,N,
450,Game_theory,Probability_theory,1,N,
451,Computer_programming,Algorithm,1,N,
452,Quantum_mechanics,Randomness,1,N,
453,Computational_learning_theory,Probability,1,N,
454,Artificial_neural_network,Algorithm,1,N,
455,Control_flow,Programming_language,1,N,
456,Calculus_of_variations,Integral,1,N,
457,Knowledge_representation_and_reasoning,Data_structure,1,N,
458,Algorithm,Foundations_of_mathematics,1,N,
459,Regular_language,Finite-state_machine,1,N,
460,Cloud_computing,Computer_network,1,N,
461,Java_(programming_language),Computer,1,N,
462,Python_(programming_language),Variable_(computer_science),1,N,
463,Computer_network,Communications_protocol,1,N,
464,Social_network,Graph_theory,1,N,
465,Mathematical_optimization,Integer,1,N,
466,Object-oriented_programming,Data_type,1,N,
467,Artificial_intelligence,Data_structure,1,N,
468,Natural_language_processing,Computer_science,1,N,
469,Spanning_tree,Mathematics,1,N,
470,Computer_vision,Pattern_recognition,1,N,
471,Regular_language,Computability,1,N,
472,Robot,Computation,1,N,
473,Cryptography,Number_theory,1,N,
474,JavaScript,Programming_language,1,N,
475,Approximation_algorithm,Algorithm,1,N,
476,Decision_theory,Statistical_inference,1,N,
477,Object-oriented_programming,Variable_(computer_science),1,N,
478,Approximation_algorithm,Introduction_to_Algorithms,1,N,
479,Compiler,Assembly_language,1,N,
480,Software_design,Java_(programming_language),1,N,
481,Memory_management,Operating_system,1,N,
482,Halting_problem,Computability,1,N,
483,Linear_system,Matrix_(mathematics),1,N,
484,Assembly_language,Syntax,1,N,
485,NP-completeness,Algorithm,1,N,
486,Graph_coloring,Graph_theory,1,N,
487,Lexical_analysis,Programming_language,1,N,
488,P_versus_NP_problem,Integer,1,N,
489,Superscalar_processor,Computer_architecture,1,N,
490,Symbol_table,Computer_science,1,N,
491,Quantum_mechanics,Continuous_function,1,N,
492,Round-off_error,Numerical_analysis,1,N,
493,Computer_vision,Algorithm_design,1,N,
494,Newton's_method,Numerical_analysis,1,N,
495,Polymorphism_(computer_science),Abstract_data_type,1,N,
496,Structured_programming,Programming_language,1,N,
497,Computer_programming,Computing,1,N,
498,Sufficient_statistic,Statistical_inference,1,N,
499,Randomized_algorithm,Introduction_to_Algorithms,1,N,
500,Randomized_algorithm,Algorithm,1,N,
501,SQL,Programming_language,1,N,
502,Programmer,Computer_programming,1,N,
503,Hidden_line_removal,Algorithm,1,N,
504,Computer,Digital_electronics,1,N,
505,Queue_(abstract_data_type),Array_data_structure,1,N,
507,Poisson_distribution,Random_variable,1,N,
508,Concurrency_(computer_science),Parallel_computing,1,N,
509,Cryptanalysis,Cryptography,1,N,
510,Malware,Information_security,1,N,
511,Robot,Artificial_intelligence,1,N,
512,Functional_programming,Programming_language,1,N,
513,Ordinary_differential_equation,Nonlinear_system,1,N,
514,Application_programming_interface,Programming_language,1,N,
515,Lexical_analysis,Computer_science,1,N,
516,Data_structure,Data_type,1,N,
517,Formal_grammar,String_(computer_science),1,N,
518,Software,Computer,1,N,
519,Processor_register,Stack_(abstract_data_type),1,N,
520,Analysis_of_algorithms,Mathematical_induction,1,N,
521,Scientific_visualization,Computer_graphics,1,N,
522,Bioinformatics,Analysis_of_algorithms,1,N,
523,Garbage_collection_(computer_science),Computer_science,1,N,
524,Prolog,Logic_programming,1,N,
525,NP-completeness,Computational_complexity_theory,1,N,
526,List_of_undecidable_problems,Computability,1,N,
527,Hash_table,Data_structure,1,N,
528,Memory_management,Operating_system,1,N,
529,Software_testing,Software_development,1,N,
530,Pushdown_automaton,String_(computer_science),1,N,
531,Internet_protocol_suite,Computer_network,1,N,
532,Data_mining,Computer_science,1,N,
533,Internet,Telecommunications_network,1,N,
534,Automated_theorem_proving,Mathematical_proof,1,N,
535,Model_of_computation,Computer_science,1,N,
536,Stochastic,Probability_theory,1,N,
537,C_(programming_language),Computer_programming,1,N,
538,Application_programming_interface,Computer_programming,1,N,
539,Mathematical_optimization,Matrix_(mathematics),1,N,
540,Natural_language_processing,Algorithm_design,1,N,
541,Predicate_logic,Foundations_of_mathematics,1,N,
542,3D_computer_graphics,Image_processing,1,N,
543,Computer_programming,Arithmetic,1,N,
544,Lisp_(programming_language),Logic_programming,1,N,
545,Numerical_analysis,Matrix_(mathematics),1,N,
546,C_(programming_language),Computing,1,N,
547,OSI_model,Computer_network,1,N,
548,Bayesian_network,Conditional_probability,1,N,
549,Cryptography,Modular_arithmetic,1,N,
550,Iterative_method,Numerical_analysis,1,N,
551,Assembly_language,Programming_language,1,N,
552,Computer_network,Computer,1,N,
553,File_system,Computing,1,N,
554,Database,Data_structure,1,N,
555,Graph_theory,Mathematics,1,N,
556,Computational_geometry,Analysis_of_algorithms,1,N,
557,Malware,Computer_network,1,N,
558,Recursively_enumerable_set,Recursion,1,N,
559,Firewall_(computing),Vulnerability_(computing),1,N,
560,Recursion_(computer_science),Programming_language,1,N,
561,Turing_machine,Automata_theory,1,N,
562,Imperative_programming,Variable_(computer_science),1,N,
563,Economics,Mathematical_optimization,1,N,
564,Probability_theory,Mathematics,1,N,
565,Query_optimization,SQL,1,N,
566,Decision_theory,Algorithm,1,N,
567,Decision_theory,Random_variable,1,N,
568,Multiplication,Mathematics,1,N,
569,Genetic_algorithm,Computer_science,1,N,
570,Machine_learning,Expected_value,1,N,
571,Message_Passing_Interface,Inter-process_communication,1,N,
572,Estimation_theory,Probability,1,N,
573,Approximation_algorithm,Mathematical_optimization,1,N,
574,HTML,Computer,1,N,
575,Relational_model,Data_type,1,N,
576,Mathematical_optimization,Mathematical_model,1,N,
577,Memory_management,Array_data_structure,1,N,
578,Calculus,Arithmetic,1,N,
579,Parallel_algorithm,Parallel_computing,1,N,
580,Personal_computer,Computer,1,N,
581,Quantum_mechanics,Probability,1,N,
582,Parallel_computing,Lock_(computer_science),1,N,
583,Time_complexity,Computational_complexity_theory,1,N,
584,Discrete_mathematics,Algebra,1,N,
585,Ordinary_differential_equation,Numerical_analysis,1,N,
586,Computer_vision,Computer_science,1,N,
587,Computational_complexity_theory,Theory_of_computation,1,N,
588,Lisp_(programming_language),Functional_programming,1,N,
589,Computer_architecture,Computer_science,1,N,
590,Parametric_polymorphism,Programming_language,1,N,
591,Game_theory,Mathematical_optimization,1,N,
592,Computational_geometry,Computer_graphics,1,N,
593,Pushdown_automaton,Automata_theory,1,N,
594,Poisson_distribution,Probability_theory,1,N,
595,Server_(computing),Computer,1,N,
596,Query_optimization,Database,1,N,
597,Transaction_processing,Computer_science,1,N,
598,JavaScript,World_Wide_Web,1,N,
599,Java_(programming_language),Object-oriented_programming,1,N,
600,System_programming,Operating_system,1,N,
601,Theoretical_computer_science,Mathematics,1,N,
602,MapReduce,Parallel_computing,1,N,
603,Artificial_intelligence,Programming_language,1,N,
604,Algorithm_design,Mathematics,1,N,
605,String_searching_algorithm,Computer_science,1,N,
606,Finite_element_method,Polynomial,1,N,
607,Imperative_programming,Computer,1,N,
608,Information_theory,Random_variable,1,N,
609,Computer_graphics,Algorithm,1,N,
610,Virtual_memory,Computing,1,N,
611,Linear_programming,Mathematical_optimization,1,N,
612,Bayesian_network,Random_variable,1,N,
613,Human–computer_interaction,Interface_(computing),1,N,
614,Pushdown_automaton,Theory_of_computation,1,N,
615,Computer_vision,Artificial_intelligence,1,N,
616,Cryptography,Authentication,1,N,
617,Scalability,Software_design,1,N,
618,Virtual_memory,Memory_hierarchy,1,N,
619,Machine_learning,Mathematical_optimization,1,N,
620,Assembly_language,Computer_science,1,N,
621,Graph_theory,Computational_science,1,N,
622,Parsing,Regular_language,1,N,
623,Quantum_computing,Computational_complexity_theory,1,N,
624,Digital_signature,Algorithm,1,N,
625,Knowledge_representation_and_reasoning,Computer_science,1,N,
626,Finite-state_machine,Logic,1,N,
627,Amortized_analysis,Computer_science,1,N,
628,Monad_(functional_programming),Input/output,1,N,
629,Programming_paradigm,Computational_science,1,N,
630,Parsing,Algorithm_design,1,N,
631,Robotics,Artificial_intelligence,1,N,
632,Database_index,Relational_database,1,N,
633,Microcode,Computer,1,N,
634,Halting_problem,Theory_of_computation,1,N,
635,Computability,Computer_science,1,N,
636,Formal_verification,Computer_science,1,N,
637,Inheritance_(object-oriented_programming),Programming_language,1,N,
638,Computer_architecture,Computer,1,N,
639,Turing_machine,Mathematics,1,N,
640,Distributed_computing,Computational_complexity_theory,1,N,
641,Lexical_analysis,Regular_language,1,N,
642,Routing,OSI_model,1,N,
643,Public-key_cryptography,Discrete_mathematics,1,N,
644,Instruction_set,Computer,1,N,
645,Design_of_experiments,Statistical_hypothesis_testing,1,N,
646,Web_server,Operating_system,1,N,
647,Machine_learning,Computer_science,1,N,
648,Robotics,Computer_programming,1,N,
649,Software_development,Computer_programming,1,N,
650,Partial_differential_equation,Differential_equation,1,N,
651,Imperative_programming,Higher-order_function,1,N,
652,Software_engineering,Theory_of_computation,1,N,
653,Machine_learning,Probability_theory,1,N,
654,Network_congestion,Computer_network,1,N,
655,Robotics,Kinematics,1,N,
656,Query_optimization,Database,1,N,
657,Scheduling_(computing),Computing,1,N,
658,Boundary_value_problem,Partial_differential_equation,1,N,
659,Computer_graphics,Personal_computer,1,N,
660,Statistics,Randomness,1,N,
661,Software_engineering,Algorithm,1,N,
662,Operating_system,Input/output,1,N,
663,Computer_programming,Computational_complexity_theory,1,N,
664,Recursion,Logic,1,N,
665,PSPACE,Computational_complexity_theory,1,N,
666,Artificial_intelligence,Computational_complexity_theory,1,N,
667,Model_checking,Algorithm,1,N,
668,Pattern_matching,String_(computer_science),1,N,
669,Public-key_cryptography,Algorithm,1,N,
670,Compiler,Parsing,1,N,
671,Syntax,Natural_language,1,N,
672,Semantics,Syntax,1,N,
673,Natural_language_processing,Artificial_intelligence,1,N,
674,Internet,Computer_network,1,N,
675,Natural_language_processing,Graph_theory,1,N,
676,Imperative_programming,Computer_science,1,N,
677,Graphics_processing_unit,Computer_graphics,1,N,
678,Database,Operating_system,1,N,
679,Halting_problem,Turing_machine,1,N,
680,Analysis_of_algorithms,Computation,1,N,
681,Mathematical_optimization,Random_variable,1,N,
682,Message_Passing_Interface,Synchronization,1,N,
683,Denotational_semantics,Programming_language,1,N,
684,Artificial_intelligence,Computer_programming,1,N,
685,Bayesian_probability,Conditional_probability,1,N,
686,Relational_database,Relational_algebra,1,N,
687,Query_optimization,Relational_database,1,N,
688,Internet,OSI_model,1,N,
689,Turing_machine,Theory_of_computation,1,N,
690,Microcode,Assembly_language,1,N,
691,Natural_language_processing,Machine_learning,1,N,
692,Multi-core_processor,Vector_processor,1,N,
693,Formal_language,Computer_science,1,N,
694,Object-oriented_programming,Data,1,N,
695,Distributed_computing,Mutual_exclusion,1,N,
696,Robotics,Computer_science,1,N,
697,Decision_theory,Statistical_hypothesis_testing,1,N,
698,Prolog,String_(computer_science),1,N,
699,Algorithm_design,Analysis_of_algorithms,1,N,
700,Formal_methods,Analysis_of_algorithms,1,N,
701,Haskell_(programming_language),Scope_(computer_science),1,N,
702,Graphical_user_interface,Computer_science,1,N,
703,User_interface,Computer,1,N,
704,Bayesian_probability,Probability,1,N,
705,Symmetric_multiprocessing,Concurrency_(computer_science),1,N,
706,Algorithm_design,Algorithm,1,N,
707,Computer_graphics,Data,1,N,
708,Artificial_intelligence,Graph_theory,1,N,
709,Robotics,Speech_recognition,1,N,
710,Computer_vision,Mathematical_optimization,1,N,
711,Hidden_Markov_model,Probability,1,N,
712,Pattern_recognition,Computer_science,1,N,
713,Modular_arithmetic,Discrete_mathematics,1,N,
714,Time_complexity,Turing_machine,1,N,
715,Variable_(computer_science),Computer_programming,1,N,
716,Procedural_programming,Computer_science,1,N,
717,Interpolation,Mathematics,1,N,
718,Coding_theory,Theoretical_computer_science,1,N,
719,Theoretical_computer_science,Computer_science,1,N,
720,Analysis_of_algorithms,Introduction_to_Algorithms,1,N,
721,Computer_animation,Rendering_(computer_graphics),1,N,
722,Parsing,Programming_language,1,N,
723,Quantum_cryptography,Cryptography,1,N,
724,World_Wide_Web,Computer,1,N,
725,Gradient_descent,Algorithm,1,N,
726,Linear_algebra,Matrix_(mathematics),1,N,
727,Concurrency_(computer_science),Computer_science,1,N,
728,Programming_language,Computer_science,1,N,
729,Computer_animation,Computer_graphics,1,N,
730,Bayesian_probability,Random_variable,1,N,
731,Cryptanalysis,Information_security,1,N,
732,Linked_list,Computer_science,1,N,
733,Algorithm,Computer_science,1,N,
734,Support_vector_machine,Algorithm,1,N,
735,Polynomial,Mathematics,1,N,
736,Partial_differential_equation,Numerical_analysis,1,N,
737,Database,Algorithm_design,1,N,
738,Analysis_of_algorithms,Mathematics,1,N,
739,Analysis_of_algorithms,Graph_theory,1,N,
740,Database_index,Computer_science,1,N,
741,Turing_machine,Finite-state_machine,1,N,
742,Ordinary_differential_equation,Mathematics,1,N,
743,Linear_programming,Matrix_(mathematics),1,N,
744,Parsing,Natural_language,1,N,
745,Functional_programming,Recursion_(computer_science),1,N,
746,Scripting_language,Computer,1,N,
747,Numerical_analysis,Polynomial,1,N,
748,Tensor,Mathematics,1,N,
749,SQL,Computer_programming,1,N,
750,Object-oriented_programming,Structured_programming,1,N,
751,Functional_programming,Generic_programming,1,N,
752,Interactivity,Computer_science,1,N,
753,Database,Database_transaction,1,N,
754,Cryptographic_hash_function,Information_security,1,N,
755,Database,Computer,1,N,
756,Randomized_algorithm,Conditional_probability,1,N,
757,Statistics,Data,1,N,
758,Entropy,Probability,1,N,
759,Combinatorics,Algebra,1,N,
760,Computational_complexity_theory,Algorithm,1,N,
761,Calculus_of_variations,Continuous_function,1,N,
762,Finite_difference,Polynomial,1,N,
763,Speech_recognition,Artificial_intelligence,1,N,
764,Computer_science,Graph_theory,1,N,
765,Perl,Computer,1,N,
766,Firewall_(computing),Computer_security,1,N,
767,Artificial_intelligence,Algorithm,1,N,
768,Very_long_instruction_word,Computer_architecture,1,N,
769,Database_design,Relational_database,1,N,
770,Software_framework,Computer_programming,1,N,
771,Inter-process_communication,Operating_system,1,N,
772,Sequence_alignment,Probability,1,N,
773,Logic_programming,Computer_programming,1,N,
774,Machine_learning,Computer_programming,1,N,
775,Pushdown_automaton,Finite-state_machine,1,N,
776,Java_(programming_language),Programming_language,1,N,
777,Software_testing,Computer_programming,1,N,
778,Flow_network,Introduction_to_Algorithms,1,N,
779,Abstract_data_type,Integer,1,N,
780,Computational_geometry,Computer,1,N,
781,Inheritance_(object-oriented_programming),Object_(computer_science),1,N,
782,Data_mining,Programming_language,1,N,
783,Embedded_system,Computer,1,N,
784,Analysis_of_algorithms,Computer_science,1,N,
785,Software_design,Computer_programming,1,N,
786,Martingale_(probability_theory),Random_variable,1,N,
787,Array_data_structure,Data_structure,1,N,
788,Motion_capture,Computer_graphics,1,N,
789,Feature_extraction,Algorithm,1,N,
790,Statistical_inference,Probability,1,N,
791,Transaction_processing,Concurrency_control,1,N,
792,Computational_complexity_theory,Polynomial,1,N,
793,Linear_algebra,Polynomial,1,N,
794,Markov_process,Conditional_probability,1,N,
795,Question_answering,Artificial_intelligence,1,N,
796,Formal_methods,Computer_programming,1,N,
797,Web_server,Computer,1,N,
798,Rendering_(computer_graphics),Computer,1,N,
799,Estimation_theory,Statistical_inference,1,N,
800,Computer_animation,Image,1,N,
801,Transaction_processing,Computer_programming,1,N,
802,Visualization_(graphics),Geometry,1,N,
803,Statistics,Mathematics,1,N,
804,Markov_process,Probability_theory,1,N,
805,High-level_programming_language,Computer,1,N,
806,Control_flow,Scope_(computer_science),1,N,
807,Artificial_intelligence,Mathematics,1,N,
808,Multi-core_processor,Central_processing_unit,1,N,
809,Database,Relational_algebra,1,N,
810,Computer_simulation,Computer_science,1,N,
811,Undecidable_problem,Mathematical_proof,1,N,
812,Robotics,Mechanical_engineering,1,N,
813,Input/output,Computer,1,N,
814,Instruction_set,Computer_architecture,1,N,
815,Mathematical_optimization,Arithmetic,1,N,
816,Fast_Fourier_transform,Algorithm,1,N,
817,Cryptanalysis,Modular_arithmetic,1,N,
818,Mathematics,Foundations_of_mathematics,1,N,
819,Mathematical_model,Integer,1,N,
820,Part-of-speech_tagging,Natural_language,1,N,
821,Python_(programming_language),Imperative_programming,1,N,
822,Scope_(computer_science),Variable_(computer_science),1,N,
823,Cryptography,Computational_complexity_theory,1,N,
824,Newton's_method,Mathematical_optimization,1,N,
825,Statistical_hypothesis_testing,Probability,1,N,
826,Stochastic_process,Probability_theory,1,N,
827,Machine_learning,Statistics,1,N,
828,Software_development,Computer_science,1,N,
829,Ray_tracing_(graphics),Computational_geometry,1,N,
830,Parametric_polymorphism,Variable_(computer_science),1,N,
831,Fixed_point_(mathematics),Mathematics,1,N,
832,Virtual_memory,Computer_architecture,1,N,
833,Computer_science,Logic,1,N,
834,JavaScript,Computer_programming,1,N,
835,Analysis_of_algorithms,Computer_programming,1,N,
836,Software_framework,Control_flow,1,N,
837,Query_optimization,Database_index,1,N,
838,Numerical_analysis,Algorithm,1,N,
839,Data_structure,Data_(computing),1,N,
840,Large_deviations_theory,Random_variable,1,N,
841,Virtual_reality,Interactivity,1,N,
842,CPU_cache,Central_processing_unit,1,N,
843,Artificial_neural_network,Pattern_recognition,1,N,
844,Boundary_value_problem,Nonlinear_system,1,N,
845,Dynamic_programming,Recursion,1,N,
846,Parallel_computing,Computer_programming,1,N,
847,Dynamic_programming,Introduction_to_Algorithms,1,N,
848,Relational_database_management_system,Database,1,N,
849,Message_passing,Computer_science,1,N,
850,Object-oriented_programming,Computer_programming,1,N,
851,Web_service,Computer_network,1,N,
852,C_(programming_language),Arithmetic,1,N,
853,Artificial_neural_network,Artificial_intelligence,1,N,
854,Random_graph,Probability_theory,1,N,
855,Parsing,Lexical_analysis,1,N,
856,Graph_theory,Discrete_mathematics,1,N,
857,Random_walk,Probability_theory,1,N,
858,Prediction,Probability,1,N,
859,Algorithm,Integer,1,N,
860,User_interface_design,User_interface,1,N,
861,Inequality_(mathematics),Integer,1,N,
862,Assembly_language,Instruction_set,1,N,
863,C++,Floating_point,1,N,
864,Context-free_grammar,String_(computer_science),1,N,
865,Programming_style,Computer_programming,1,N,
866,Program_optimization,Algorithm,1,N,
867,Computer_programming,Computational_science,1,N,
868,Graph_theory,Discrete_mathematics,1,N,
869,Database_index,Database,1,N,
870,Approximation_algorithm,Computer_science,1,N,
871,Prolog,Programming_language,1,N,
872,Natural_language_processing,Semantics,1,N,
873,Data_analysis,Problem_solving,1,N,
874,Assembly_language,Computer_programming,1,N,
875,Lisp_(programming_language),Computer_science,1,N,
876,Database,Object_(computer_science),1,N,
877,Fast_Fourier_transform,Signal_processing,1,N,
878,Volume_rendering,Rendering_(computer_graphics),1,N,
879,Finite-state_machine,Automata_theory,1,N,
880,Bayesian_probability,Data,1,N,
881,JavaScript,Computer,1,N,
882,Computer_animation,Ray_tracing_(graphics),1,N,
883,Data_warehouse,Data,1,N,
884,Logic_programming,Computer_science,1,N,
885,Machine_translation,Natural_language,1,N,
886,Relational_database,Analysis_of_algorithms,1,N,
887,Concurrency_control,Computer_programming,1,N,
888,Integral,Mathematics,1,N,
889,Hidden_Markov_model,Machine_learning,1,N,
890,P_versus_NP_problem,Computer_science,1,N,
891,Wavelet,Signal_processing,1,N,
892,Network_security,Computer_network,1,N,
893,Computer_network,Graph_theory,1,N,
894,Machine_learning,Algorithm,1,N,
895,Artificial_intelligence,Computer_science,1,N,
896,Martingale_(probability_theory),Probability_theory,1,N,
897,Monte_Carlo_method,Expected_value,1,N,
898,Inference,Probability,1,N,
899,Graphical_model,Probability_theory,1,N,
900,Deadlock,Computer_multitasking,1,N,
901,Calculus,Mathematics,1,N,
902,ML_(programming_language),Programming_language,1,N,
903,Relational_database_management_system,Relational_model,1,N,
904,Computational_geometry,Mathematics,1,N,
905,Data_mining,Algorithm,1,N,
906,Computer_science,Mathematics,1,N,
907,Cryptographic_hash_function,Cryptography,1,N,
908,Model_of_computation,Computational_complexity_theory,1,N,
909,Theoretical_computer_science,Discrete_mathematics,1,N,
910,Amortized_analysis,Data_structure,1,N,
911,Finite_element_method,Numerical_analysis,1,N,
912,Semidefinite_programming,Linear_programming,1,N,
913,Mathematical_optimization,Mathematics,1,N,
914,Cryptography,Probability_theory,1,N,
915,Debugging,Computer_programming,1,N,
916,Software_testing,Control_flow,1,N,
917,Dynamic_programming,Algorithm_design,1,N,
918,Recommender_system,Machine_learning,1,N,
919,User_interface,Computer_programming,1,N,
920,Exponential_family,Probability_theory,1,N,
921,Dynamic_programming,Mathematics,1,N,
922,Run_time_(program_lifecycle_phase),Computer_science,1,N,
923,Undecidable_problem,Computer_science,1,N,
924,Abstract_data_type,Computer_science,1,N,
925,Expert_system,Artificial_intelligence,1,N,
926,Cryptanalysis,Algorithm,1,N,
927,Time_complexity,Algorithm,1,N,
928,Network_security,Security,1,N,
929,Relational_database,Database,1,N,
930,Artificial_intelligence,Computer,1,N,
931,Relational_model,Object_(computer_science),1,N,
932,Virtual_reality,Computer_graphics,1,N,
933,Parallel_computing,Time_complexity,1,N,
934,File_system,Operating_system,1,N,
935,Motion_planning,Robotics,1,N,
936,CPU_cache,Performance_tuning,1,N,
937,Numerical_analysis,Floating_point,1,N,
938,Software_testing,Programming_language,1,N,
939,Sufficient_statistic,Random_variable,1,N,
940,Database_normalization,Database,1,N,
941,Automatic_programming,Computer_science,1,N,
942,Hidden_Markov_model,Markov_chain,1,N,
943,Spanning_tree,Graph_theory,1,N,
944,Compiler,Computer_programming,1,N,
945,Stack_(abstract_data_type),Array_data_structure,1,N,
946,Assembly_language,Computer,1,N,
947,Memory_hierarchy,Computer_architecture,1,N,
948,Parsing,Formal_grammar,1,N,
949,Routing,Computer_network,1,N,
950,Cryptography,Information_security,1,N,
951,Cryptographic_hash_function,Encryption,1,N,
952,Visualization_(graphics),Mathematics,1,S,
953,Database,Computer_science,1,N,
954,Rendering_(computer_graphics),Mathematics,1,N,
955,Robotics,Software_engineering,1,N,
956,C_(programming_language),Programming_language,1,N,
957,Machine_learning,Algorithm_design,1,N,
958,Lexical_semantics,Semantics,1,N,
959,System_programming,Computer,1,N,
960,C++,Computer_programming,1,N,
961,Statistical_hypothesis_testing,Statistical_inference,1,N,
962,Parallel_computing,Computer_science,1,N,
963,Computational_complexity_theory,Discrete_mathematics,1,N,
964,Inheritance_(object-oriented_programming),Object-oriented_programming,1,N,
965,Amortized_analysis,"Best,_worst_and_average_case",1,N,
966,Mathematical_model,Mathematics,1,N,
967,Database,Computer_science,1,N,
968,Firewall_(computing),Information_security,1,N,
969,Concurrency_control,Computer,1,N,
970,Graphical_model,Probability,1,N,
971,Algorithm,Computing,1,N,
972,Data_structure,Data,1,N,
973,Graphical_model,Scientific_modelling,1,N,
974,Statistical_hypothesis_testing,Random_variable,1,N,
975,Eigenvalues_and_eigenvectors,Matrix_(mathematics),1,N,
976,Bioinformatics,Algorithm,1,N,
977,Random_walk,Markov_chain,1,N,
978,Functional_programming,Variable_(computer_science),1,N,
979,Debugging,Control_flow,1,N,
980,NP-completeness,Computer_science,1,N,
981,Transaction_processing,Database,1,N,
982,Artificial_intelligence,Computational_science,1,N,
983,Statistics,Arithmetic,1,N,
984,Numerical_analysis,Eigenvalues_and_eigenvectors,1,N,
985,Virtual_memory,Operating_system,1,N,
986,Imperative_programming,Programming_language,1,N,
987,Pushdown_automaton,Computer_science,1,N,
988,Context-free_grammar,Computer_science,1,N,
989,Data_type,Programming_language,1,N,
990,Algorithm,Computability,1,N,
991,Software_engineering,Debugging,1,N,
992,Turing_machine,Computer_science,1,N,
993,Programming_language,Computer_programming,1,N,
994,Parallel_computing,Shared_memory,1,N,
995,Numerical_analysis,Approximation,1,N,
996,Software_development,Software_engineering,1,N,
997,Computer_programming,Data_structure,1,N,
998,Abstraction_(computer_science),Computer_programming,1,N,
999,Operating_system,Computer_programming,1,N,
1000,Knowledge_representation_and_reasoning,Algorithm,1,N,
1001,String_(computer_science),Data_(computing),1,N,
1002,Multi-core_processor,Parallel_computing,1,N,
1003,Parsing,Computer_programming,1,N,
1004,Algorithm,Logic,1,N,
1005,Software_engineering,Object-oriented_programming,1,N,
1006,Software_engineering,Programming_language,1,N,
1007,3D_computer_graphics,Algorithm,1,N,
1008,Game_theory,Linear_programming,0,N,
1009,Distributed_computing,Database,0,N,
1010,Software_development,Image_processing,0,N,
1011,Linear_programming,P_versus_NP_problem,0,N,
1012,C_(programming_language),Functional_programming,0,N,
1013,Game_theory,Computational_complexity_theory,0,N,
1014,Image_processing,MATLAB,0,N,
1015,Medicine,Problem_solving,0,N,
1016,Computer_graphics,Artificial_intelligence,0,N,
1017,Functional_programming,Numerical_analysis,0,N,
1018,Data_structure,Numerical_analysis,0,N,
1019,High-level_programming_language,Microprocessor,0,N,
1020,Cache_coherence,Vector_processor,0,N,
1021,Database,Logic_programming,0,N,
1022,Numerical_analysis,Computational_geometry,0,N,
1023,Formal_methods,Concurrency_(computer_science),0,N,
1024,Linguistics,Sequence_alignment,0,N,
1025,Programming_paradigm,Computational_complexity_theory,0,N,
1026,Open_source,Python_(programming_language),0,N,
1027,Information_theory,Computer_architecture,0,N,
1028,Data_model,Communication,0,N,
1029,Machine_learning,Natural_language,0,N,
1030,Computational_chemistry,Software_design,0,N,
1031,Parallel_computing,Automata_theory,0,N,
1032,Parametric_polymorphism,Floating_point,0,N,
1033,Query_optimization,Database_normalization,0,N,
1034,Semantics,Programming_language,0,N,
1035,Complexity,Probability,0,N,
1036,Computer_graphics,Computational_chemistry,0,N,
1037,SQL,Computational_chemistry,0,N,
1038,Knowledge_representation_and_reasoning,Object-oriented_programming,0,N,
1039,Prolog,Procedural_programming,0,N,
1040,Vector_space,Combinatorics,0,N,
1041,Modular_programming,Automatic_programming,0,N,
1042,Programming_style,C_(programming_language),0,N,
1043,Artificial_intelligence,Object-oriented_programming,0,N,
1044,Polymorphism_(computer_science),Floating_point,0,N,
1045,Software_engineering,Mathematical_optimization,0,N,
1046,Combinatorics,Numerical_analysis,0,N,
1047,Software_engineering,Computer_network,0,N,
1048,Number_theory,Procedural_programming,0,N,
1049,Sparse_matrix,Eigenvalues_and_eigenvectors,0,N,
1050,Graph_theory,Game_theory,0,N,
1051,Computer_vision,Multimodal_interaction,0,N,
1052,Amortized_analysis,Hash_table,0,N,
1053,Software_engineering,Compiler,0,N,
1054,Profiling_(computer_programming),Python_(programming_language),0,N,
1055,Data_mining,Compiler,0,N,
1056,Number_theory,Turing_machine,0,N,
1057,System_call,Computing,0,N,
1058,CPU_cache,Instruction_pipelining,0,N,
1059,Concurrency_(computer_science),Formal_methods,0,N,
1060,Machine_learning,Logic_programming,0,N,
1061,Computer_programming,Mathematical_optimization,0,N,
1062,Transaction_processing,Relational_algebra,0,N,
1063,Probability,Computer_science,0,N,
1064,Object-oriented_programming,Analysis_of_algorithms,0,N,
1065,Personal_computer,Computer_programming,0,N,
1066,Functional_programming,Computational_complexity_theory,0,N,
1067,Artificial_intelligence,Functional_programming,0,N,
1068,Simulation,Problem_solving,0,N,
1069,Java_(programming_language),Computer_network,0,N,
1070,Database,Abstraction_(computer_science),0,N,
1071,Object-oriented_programming,Assembly_language,0,N,
1072,Quantum_mechanics,Theoretical_computer_science,0,N,
1073,Debugging,High-level_programming_language,0,N,
1074,Floating_point,Data_structure,0,N,
1075,Automatic_programming,Logic_programming,0,N,
1076,Natural_language_processing,Sequence_alignment,0,N,
1077,Open_source,Personal_computer,0,N,
1078,Parsing,NP-completeness,0,N,
1079,Methodology,Robotics,0,N,
1080,String_(computer_science),Data_(computing),0,N,
1081,Philosophy,Lisp_(programming_language),0,N,
1082,Unix,Compiler,0,N,
1083,Scripting_language,Lisp_(programming_language),0,N,
1084,Calculus,Graph_theory,0,N,
1085,Type_theory,Parsing,0,N,
1086,Game_theory,Graph_theory,0,N,
1087,Distributed_computing,Information_theory,0,N,
1088,Parsing,Software_engineering,0,N,
1089,Cryptography,Traffic_analysis,0,N,
1090,Assembly_language,Abstraction_(computer_science),0,N,
1091,Web_browser,Python_(programming_language),0,N,
1092,Intelligence,Problem_solving,0,N,
1093,Computer_science,Combinatorics,0,N,
1094,Computational_geometry,Concurrency_control,0,N,
1095,Graph_theory,Approximation_algorithm,0,N,
1096,Mathematical_optimization,Computer_programming,0,N,
1097,Software_engineering,Combinatorics,0,N,
1098,Discrete_mathematics,Probability_theory,0,N,
1099,Programming_language,Algorithm,0,N,
1100,Randomized_algorithm,Game_theory,0,N,
1101,Programming_language,Data_(computing),0,N,
1102,Database,Software_design,0,N,
1103,Parallel_computing,Graph_theory,0,N,
1104,Memory_management,C_(programming_language),0,N,
1105,Divide_and_conquer_algorithms,Dynamic_programming,0,N,
1106,Algorithm,Imperative_programming,0,N,
1107,Information_theory,Computer_programming,0,N,
1108,Data_structure,Combinatorics,0,N,
1109,Information_theory,Mathematical_optimization,0,N,
1110,Mathematical_proof,Data,0,N,
1111,Calculus_of_variations,Ordinary_differential_equation,0,N,
1112,Parsing,Propositional_calculus,0,N,
1113,Software_framework,Object-oriented_programming,0,N,
1114,Wavelet,Randomness,0,N,
1115,Data_mining,Computer_vision,0,N,
1116,Numerical_analysis,Object-oriented_programming,0,N,
1117,Programming_paradigm,Automata_theory,0,N,
1118,Higher-order_function,C_(programming_language),0,N,
1119,Number_theory,Functional_programming,0,N,
1120,JavaScript,Python_(programming_language),0,N,
1121,Thread_(computing),String_(computer_science),0,N,
1122,Uncertainty,Physics,0,N,
1123,Programming_language,Concurrent_computing,0,N,
1124,Fourier_analysis,Partial_differential_equation,0,N,
1125,Computer_network,Computer_architecture,0,N,
1126,Data_mining,Database_index,0,N,
1127,Parallel_computing,Instruction_pipelining,0,N,
1128,Digital_electronics,Finite-state_machine,0,N,
1129,Data,C++,0,N,
1130,Functional_programming,Imperative_programming,0,N,
1131,Computational_complexity_theory,Graph_theory,0,N,
1132,Concurrency_control,Combinatorics,0,N,
1133,Unix,Computer_network,0,N,
1134,Computer_science,Mathematical_optimization,0,N,
1135,Programming_language,Infinity,0,N,
1136,Randomized_algorithm,Data_structure,0,N,
1137,Machine_learning,Combinatorics,0,N,
1138,Operating_system,Computational_geometry,0,N,
1139,Computer_programming,Concurrency_(computer_science),0,N,
1140,Embedded_system,Personal_computer,0,N,
1141,Database,Functional_programming,0,N,
1142,Object-oriented_programming,Formal_methods,0,N,
1143,Graph_theory,P_versus_NP_problem,0,N,
1144,Concurrency_(computer_science),Analysis_of_algorithms,0,N,
1145,Data,Wavelet,0,N,
1146,Genetics,Dynamic_programming,0,N,
1147,Concurrency_(computer_science),Computational_geometry,0,N,
1148,Application_programming_interface,Java_(programming_language),0,N,
1149,First-order_logic,Data_type,0,N,
1150,Information_theory,Algorithm,0,N,
1151,Data_compression,Markov_chain,0,N,
1152,Modular_programming,Parallel_computing,0,N,
1153,Operating_system,Graphical_user_interface,0,N,
1154,Programming_paradigm,Graph_theory,0,N,
1155,Graph_theory,Probability_theory,0,N,
1156,Design_of_experiments,Statistical_inference,0,N,
1157,Computational_complexity_theory,Parallel_computing,0,N,
1158,Sparse_matrix,Iterative_method,0,N,
1159,Dynamic_programming,Linear_programming,0,N,
1160,Statistics,Software_engineering,0,N,
1161,Modular_programming,Control_flow,0,N,
1162,Database,Complex_systems,0,N,
1163,Java_(programming_language),Graphical_user_interface,0,N,
1164,Molecular_biology,Genomics,0,N,
1165,Logic_programming,Assembly_language,0,N,
1166,Grammar,Computability,0,N,
1167,Graph_theory,NP-completeness,0,N,
1168,Algorithm,Data_(computing),0,N,
1169,Knowledge_representation_and_reasoning,Procedural_programming,0,N,
1170,Operating_system,Computer_network,0,N,
1171,Sentiment_analysis,Speech_recognition,0,N,
1172,ML_(programming_language),Lisp_(programming_language),0,N,
1173,Data_model,Software,0,N,
1174,Functional_programming,Object-oriented_programming,0,N,
1175,String_(computer_science),Floating_point,0,N,
1176,Software_design,Database,0,N,
1177,Artificial_intelligence,Logic_programming,0,N,
1178,Functional_programming,Analysis_of_algorithms,0,N,
1179,Linguistics,Artificial_intelligence,0,N,
1180,Software_engineering,Database,0,N,
1181,Functional_programming,Scope_(computer_science),0,N,
1182,Mathematical_optimization,Number_theory,0,N,
1183,Concurrent_computing,Assembly_language,0,N,
1184,Machine_learning,Software_engineering,0,N,
1185,Input/output,Prolog,0,N,
1186,Knowledge_representation_and_reasoning,Logic_programming,0,N,
1187,Sufficient_statistic,Statistical_hypothesis_testing,0,N,
1188,String_(computer_science),Finite_set,0,N,
1189,Programmer,Software_engineering,0,N,
1190,User_interface,Operating_system,0,N,
1191,JavaScript,Software_framework,0,N,
1192,Artificial_intelligence,Computational_chemistry,0,N,
1193,Finite-state_machine,String_(computer_science),0,N,
1194,Operating_system,Application_programming_interface,0,N,
1195,Control_flow,Assembly_language,0,N,
1196,Data_structure,Object_(computer_science),0,N,
1197,Undecidable_problem,Programming_language,0,N,
1198,String_(computer_science),Algorithm,0,N,
1199,Probability_theory,Algorithm,0,N,
1200,Wavelet,Correlation_and_dependence,0,N,
1201,Embedded_system,Virtual_memory,0,N,
1202,Question_answering,Prolog,0,N,
1203,Approximation_algorithm,Dynamic_programming,0,N,
1204,Quantum_computing,Graph_theory,0,N,
1205,SQL,Operating_system,0,N,
1206,E-commerce,Cryptography,0,N,
1207,Programming_paradigm,Mathematics,0,N,
1208,Database,File_system,0,N,
1209,Regular_language,Pushdown_automaton,0,N,
1210,Linear_programming,Dynamic_programming,0,N,
1211,Object-oriented_programming,Logic_programming,0,N,
1212,Natural_language,Algorithm,0,N,
1213,Monad_(functional_programming),Linked_list,0,N,
1214,Compiler,Run_time_(program_lifecycle_phase),0,N,
1215,Computational_complexity_theory,Object-oriented_programming,0,N,
1216,Assembly_language,C++,0,N,
1217,Shortest_path_problem,Dynamic_programming,0,N,
1218,Concurrency_control,Database_normalization,0,N,
1219,Graph_theory,Game_theory,0,N,
1220,Prototype,C++,0,N,
1221,Concurrent_computing,Distributed_computing,0,N,
1222,Fourier_analysis,Statistical_hypothesis_testing,0,N,
1223,Database,Distributed_computing,0,N,
1224,Data_mining,Robotics,0,N,
1225,Lisp_(programming_language),Procedural_programming,0,N,
1226,Cryptography,Computational_geometry,0,N,
1227,Computational_geometry,Database,0,N,
1228,C_(programming_language),Linked_list,0,N,
1229,Concurrency_control,SQL,0,N,
1230,Determinism,Inference,0,N,
1231,Computational_complexity_theory,Combinatorial_optimization,0,N,
1232,Matrix_(mathematics),Spanning_tree,0,N,
1233,Kernel_(operating_system),Graphical_user_interface,0,N,
1234,Automatic_programming,Object-oriented_programming,0,N,
1235,Mathematical_proof,Functional_programming,0,N,
1236,Scripting_language,Functional_programming,0,N,
1237,Linear_programming,Discrete_mathematics,0,N,
1238,Central_processing_unit,Combinational_logic,0,N,
1239,Malware,Email,0,N,
1240,Geometry,Graph_theory,0,N,
1241,File_system,Graphical_user_interface,0,N,
1242,SQL,Perl,0,N,
1243,Parallel_computing,Procedural_programming,0,N,
1244,Prolog,C++,0,N,
1245,Graph_theory,Linear_programming,0,N,
1246,Poisson_distribution,Statistical_hypothesis_testing,0,N,
1247,User_interface,Java_(programming_language),0,N,
1248,Hash_table,Amortized_analysis,0,N,
1249,Concurrency_(computer_science),Computational_complexity_theory,0,N,
1250,Theoretical_computer_science,Mathematical_optimization,0,N,
1251,Expert_system,Artificial_neural_network,0,N,
1252,Assembly_language,Data_structure,0,N,
1253,Formal_methods,Object-oriented_programming,0,N,
1254,Simulation,Computer_graphics,0,N,
1255,Simulation,Scientific_visualization,0,N,
1256,Time_complexity,Hash_table,0,N,
1257,Combinatorics,Number_theory,0,N,
1258,User_interface,Algorithm,0,N,
1259,Linear_system,Eigenvalues_and_eigenvectors,0,N,
1260,Virtual_memory,Processor_register,0,N,
1261,Web_server,Kernel_(operating_system),0,N,
1262,Cryptography,Computer_network,0,N,
1263,Parallel_computing,Combinatorics,0,N,
1264,Algorithm,Randomness,0,N,
1265,Microprocessor,Synchronization,0,N,
1266,Cell_(biology),Computer_science,0,N,
1267,Thread_(computing),Object-oriented_programming,0,N,
1268,Modular_programming,Functional_programming,0,N,
1269,Bioinformatics,Procedural_programming,0,N,
1270,Database,Information_retrieval,0,N,
1271,Pipeline_(computing),Digital_electronics,0,N,
1272,Cryptography,Graph_theory,0,N,
1273,Partial_differential_equation,Recurrence_relation,0,N,
1274,Expert_system,Logic_programming,0,N,
1275,Data_structure,Computational_complexity_theory,0,N,
1276,Cryptanalysis,Traffic_analysis,0,N,
1277,Operating_system,Numerical_analysis,0,N,
1278,NP-completeness,Propositional_calculus,0,N,
1279,Database,User_interface,0,N,
1280,Gradient_descent,Dynamic_programming,0,N,
1281,Mathematical_optimization,Software_engineering,0,N,
1282,Large_deviations_theory,Markov_chain,0,N,
1283,Geometry,Number_theory,0,N,
1284,Information_theory,Programming_language,0,N,
1285,Distributed_computing,Number_theory,0,N,
1286,Linear_programming,Graph_theory,0,N,
1287,Bioinformatics,Combinatorics,0,N,
1288,SQL,Java_(programming_language),0,N,
1289,Parsing,Computational_geometry,0,N,
1290,Computer_architecture,Finite-state_machine,0,N,
1291,Randomized_algorithm,NP-completeness,0,N,
1292,Computational_complexity_theory,Knowledge_representation_and_reasoning,0,N,
1293,Relational_database,Graph_theory,0,N,
1294,Combinatorics,Parallel_computing,0,N,
1295,Type_theory,Structural_induction,0,N,
1296,Graph_theory,Computational_chemistry,0,N,
1297,Natural_language,Machine_learning,0,N,
1298,Microcode,Finite-state_machine,0,N,
1299,Interface_(computing),String_(computer_science),0,N,
1300,Artificial_intelligence,Cryptography,0,N,
1301,Computer_vision,Knowledge_representation_and_reasoning,0,N,
1302,Asymptotic_analysis,Computer_science,0,N,
1303,Computer_architecture,Combinational_logic,0,N,
1304,Numerical_analysis,Molecular_dynamics,0,N,
1305,Matrix_(mathematics),Floating_point,0,N,
1306,Exponential_family,Statistical_hypothesis_testing,0,N,
1307,Simulation,Theoretical_computer_science,0,N,
1308,Transaction_processing,Database_normalization,0,N,
1309,Programming_paradigm,Cryptography,0,N,
1310,Sentiment_analysis,Question_answering,0,N,
1311,Divide_and_conquer_algorithms,Debugging,0,N,
1312,MATLAB,Python_(programming_language),0,N,
1313,Concurrency_control,Graph_theory,0,N,
1314,Mathematical_optimization,Graph_theory,0,N,
1315,Social_network,Computer_network,0,N,
1316,Graph_theory,First-order_logic,0,N,
1317,Discretization,Recurrence_relation,0,N,
1318,Computational_geometry,Concurrency_(computer_science),0,N,
1319,Graph_theory,Parallel_computing,0,N,
1320,Data_mining,Logic_programming,0,N,
1321,Mathematics,Library,0,N,
1322,Computer_network,Java_(programming_language),0,N,
1323,Automatic_programming,Parallel_computing,0,N,
1324,Artificial_neural_network,Computer_vision,0,N,
1325,Haskell_(programming_language),Python_(programming_language),0,N,
1326,Haskell_(programming_language),Object-oriented_programming,0,N,
1327,Object-oriented_programming,Parallel_computing,0,N,
1328,Database,Computational_geometry,0,N,
1329,Data_structure,C_(programming_language),0,N,
1330,Relational_database,Computational_chemistry,0,N,
1331,Theory_of_computation,Computational_chemistry,0,N,
1332,Object-oriented_programming,Control_flow,0,N,
1333,Polymorphism_(computer_science),Exception_handling,0,N,
1334,Computer_file,Analysis_of_algorithms,0,N,
1335,Computer_network,Encryption,0,N,
1336,Parallel_computing,Recursion_(computer_science),0,N,
1337,Transaction_processing,Computational_complexity_theory,0,N,
1338,Memory_management,String_(computer_science),0,N,
1339,Computational_geometry,Parallel_computing,0,N,
1340,Literature,Mathematics,0,N,
1341,Hierarchy,Object-oriented_programming,0,N,
1342,Hash_function,Computational_geometry,0,N,
1343,Functional_programming,Modular_programming,0,N,
1344,Artificial_intelligence,Compiler,0,N,
1345,Computational_geometry,Functional_programming,0,N,
1346,Computational_geometry,Object-oriented_programming,0,N,
1347,Data_mining,Procedural_programming,0,N,
1348,Graph_theory,Cryptography,0,N,
1349,P_versus_NP_problem,Graph_theory,0,N,
1350,Computational_complexity_theory,Game_theory,0,N,
1351,Bioinformatics,Functional_programming,0,N,
1352,Computer_security,Processor_register,0,N,
1353,Concurrency_control,Computer_network,0,N,
1354,Decidability_(logic),Programming_language,0,N,
1355,Fourier_analysis,Randomness,0,N,
1356,Concurrent_computing,Modular_programming,0,N,
1357,Automatic_programming,Procedural_programming,0,N,
1358,MapReduce,Database,0,N,
1359,XML,User_interface,0,N,
1360,Database,Numerical_analysis,0,N,
1361,Parallel_computing,Formal_methods,0,N,
1362,Parsing,World_Wide_Web,0,N,
1363,Game_theory,Graph_theory,0,N,
1364,Parsing,Numerical_analysis,0,N,
1365,Part-of-speech_tagging,Java_(programming_language),0,N,
1366,Concurrent_computing,Computer_network,0,N,
1367,Number_theory,Computational_chemistry,0,N,
1368,Transaction_processing,Relational_model,0,N,
1369,Dynamic_programming,Divide_and_conquer_algorithms,0,N,
1370,Fixed_point_(mathematics),Game_theory,0,N,
1371,Algorithm,Natural_language,0,N,
1372,Concurrency_control,NoSQL,0,N,
1373,Project_management,Object-oriented_programming,0,N,
1374,Programming_language,Dynamic_programming,0,N,
1375,MapReduce,SQL,0,N,
1376,Natural_language,Sequence_alignment,0,N,
1377,Data_mining,Combinatorics,0,N,
1378,Bioinformatics,Object-oriented_programming,0,N,
1379,Communications_protocol,C_(programming_language),0,N,
1380,Machine_learning,Knowledge_representation_and_reasoning,0,N,
1381,Programming_language,Halting_problem,0,N,
1382,Graph_theory,Software_design,0,N,
1383,Concurrency_(computer_science),Number_theory,0,N,
1384,Scheduling_(computing),Graphical_user_interface,0,N,
1385,Input/output,Central_processing_unit,0,N,
1386,Database_index,Graph_theory,0,N,
1387,Object-oriented_programming,Prolog,0,N,
1388,Concurrency_control,Query_language,0,N,
1389,Visualization_(graphics),Computational_complexity_theory,0,S,
1390,Knowledge_representation_and_reasoning,Computational_chemistry,0,N,
1391,Graph_theory,Programming_language,0,N,
1392,Object-oriented_programming,Lisp_(programming_language),0,N,
1393,Artificial_intelligence,Linked_list,0,N,
1394,Computer_programming,Instruction_set,0,N,
1395,Computational_complexity_theory,Information_theory,0,N,
1396,Graph_theory,Combinatorial_optimization,0,N,
1397,Statistics,Computer,0,N,
1398,Complex_systems,Synchronization,0,N,
1399,Hash_table,Python_(programming_language),0,N,
1400,Data_mining,SQL,0,N,
1401,Array_data_structure,C++,0,N,
1402,Malware,Encryption,0,N,
1403,Logic_programming,Object-oriented_programming,0,N,
1404,Java_(programming_language),Debugging,0,N,
1405,Debugging,Exception_handling,0,N,
1406,Virtual_memory,Graphical_user_interface,0,N,
1407,Bioinformatics,String_(computer_science),0,N,
1408,Data_structure,Exception_handling,0,N,
1409,Abstraction_(computer_science),Control_flow,0,N,
1410,Distributed_computing,Computational_geometry,0,N,
1411,Application_programming_interface,Compiler,0,N,
1412,Probability,Reason,0,N,
1413,Lazy_evaluation,Input/output,0,N,
1414,C_(programming_language),Compiler,0,N,
1415,Computer_graphics,Parallel_computing,0,N,
1416,Newton's_method,Dynamic_programming,0,N,
1417,Functional_programming,Compiler,0,N,
1418,Foundations_of_mathematics,Functional_programming,0,N,
1419,Control_flow,Python_(programming_language),0,N,
1420,Input/output,Operating_system,0,N,
1421,Linear_programming,Computational_geometry,0,N,
1422,Number_theory,Programming_language,0,N,
1423,Dynamic_programming,Flow_network,0,N,
1424,Concurrency_(computer_science),Graph_theory,0,N,
1425,Mathematical_optimization,Eigenvalues_and_eigenvectors,0,N,
1426,Architecture,Computer_science,0,N,
1427,Knowledge,Robotics,0,N,
1428,Garbage_collection_(computer_science),Assembly_language,0,N,
1429,Time_complexity,Recursion_(computer_science),0,N,
1430,Shortest_path_problem,Flow_network,0,N,
1431,Algorithm,String_(computer_science),0,N,
1432,Syntax,Assembly_language,0,N,
1433,High-level_programming_language,Computer_architecture,0,N,
1434,Parsing,Number_theory,0,N,
1435,Specification_(technical_standard),Software_development,0,N,
1436,Computer_graphics,Microprocessor,0,N,
1437,Parallel_algorithm,Numerical_analysis,0,N,
1438,Programming_paradigm,Algorithm,0,N,
1439,Query_optimization,NoSQL,0,N,
1440,Natural_language_processing,Computational_geometry,0,N,
1441,Shortest_path_problem,Computational_geometry,0,N,
1442,Transaction_processing,Relational_database,0,N,
1443,Artificial_intelligence,Combinatorics,0,N,
1444,Discrete_mathematics,Eigenvalues_and_eigenvectors,0,N,
1445,Object-oriented_programming,Modular_programming,0,N,
1446,OSI_model,Computer_file,0,N,
1447,Software_testing,String_(computer_science),0,N,
1448,Computer,Security,0,N,
1449,Computational_complexity_theory,Graph_theory,0,N,
1450,Haskell_(programming_language),String_(computer_science),0,N,
1451,Database_index,Database_normalization,0,N,
1452,Object-oriented_programming,Higher-order_function,0,N,
1453,Number_theory,Algorithm,0,N,
1454,Modular_arithmetic,Computer_science,0,N,
1455,HTML,Object-oriented_programming,0,N,
1456,Combinatorics,Formal_language,0,N,
1457,Logic,Graph_theory,0,N,
1458,Approximation_algorithm,Linear_programming,0,N,
1459,Robotics,Graph_theory,0,N,
1460,Syntax,Graph_theory,0,N,
1461,Application_programming_interface,Python_(programming_language),0,N,
1462,Combinatorics,Programming_language,0,N,
1463,NP-completeness,Modular_arithmetic,0,N,
1464,Concurrency_control,Computational_complexity_theory,0,N,
1465,Graph_theory,Combinatorial_optimization,0,N,
1466,Java_(programming_language),C++,0,N,
1467,Logic_programming,Generic_programming,0,N,
1468,Data_structure,Modular_programming,0,N,
1469,Finite_difference,Differential_equation,0,N,
1470,Algorithm,Number_theory,0,N,
1471,C_(programming_language),Graphical_user_interface,0,N,
1472,Graph_theory,Finite_set,0,N,
1473,Database,Number_theory,0,N,
1474,C++,Java_(programming_language),0,N,
1475,Statistics,Graph_theory,0,N,
1476,Discrete_mathematics,Linear_system,0,N,
1477,Numerical_analysis,Interpolation,0,N,
1478,String_(computer_science),Thread_(computing),0,N,
1479,Mathematical_optimization,Discrete_mathematics,0,N,
1480,Database,Graph_theory,0,N,
1481,Numerical_analysis,Graph_theory,0,N,
1482,Combinatorics,Computational_geometry,0,N,
1483,Database,Combinatorics,0,N,
1484,Data_mining,Functional_programming,0,N,
1485,Computational_chemistry,Computational_geometry,0,N,
1486,Fast_Fourier_transform,Graph_theory,0,N,
1487,Bioinformatics,Artificial_intelligence,0,N,
1488,NP_(complexity),Formal_language,0,N,
1489,Structured_programming,Automatic_programming,0,N,
1490,Database,Graph_theory,0,N,
1491,Assembly_language,Structured_programming,0,N,
1492,Database_transaction,Graph_theory,0,N,
1493,Eigenvalues_and_eigenvectors,Floating_point,0,N,
1494,CPU_cache,Instruction_set,0,N,
1495,Lexical_semantics,PageRank,0,N,
1496,Perl,Python_(programming_language),0,N,
1497,OSI_model,C++,0,N,
1498,Cryptography,E-commerce,0,N,
1499,Number_theory,Logic_programming,0,N,
1500,Knowledge_representation_and_reasoning,Functional_programming,0,N,
1501,Computational_complexity_theory,First-order_logic,0,N,
1502,Data_structure,Number_theory,0,N,
1503,Aerospace,Speech_recognition,0,N,
1504,Simulation,Robotics,0,N,
1505,Database_index,Relational_model,0,N,
1506,Information_theory,Data_mining,0,N,
1507,Geometry,Mathematical_optimization,0,N,
1508,Parametric_polymorphism,Exception_handling,0,N,
1509,Calculus,Probability_theory,0,N,
1510,Concurrency_control,Relational_model,0,N,
1511,Graphical_user_interface,C_(programming_language),0,N,
1512,ML_(programming_language),C++,0,N,
1513,Mathematical_optimization,Numerical_analysis,0,N,
1514,Computer_architecture,Microcode,0,N,
1515,Constraint_satisfaction,C++,0,N,
1516,Object-oriented_programming,Graph_theory,0,N,
1517,Combinatorics,Compiler,0,N,
1518,Medicine,Cluster_analysis,0,N,
1519,OSI_model,Remote_procedure_call,0,N,
1520,Assembly_language,Object-oriented_programming,0,N,
1521,Theory_of_computation,Graph_theory,0,N,
1522,Database,Combinatorics,0,N,
1523,Number_theory,Combinatorics,0,N,
1524,Internet,Programming_language,0,N,
1525,File_system,Computer_network,0,N,
1526,Data_structure,Automata_theory,0,N,
1527,Parsing,Artificial_intelligence,0,N,
1528,Economics,Linear_programming,0,N,
1529,Numerical_analysis,Parallel_computing,0,N,
1530,Regular_expression,Java_(programming_language),0,N,
1531,NP-completeness,Shortest_path_problem,0,N,
1532,Computational_geometry,Cryptography,0,N,
1533,Parallel_computing,CPU_cache,0,N,
1534,Input/output,Virtual_memory,0,N,
1535,Denotational_semantics,Formal_verification,0,N,
1536,Programming_language,Combinatorics,0,N,
1537,Database,Object-oriented_programming,0,N,
1538,SQL,Control_flow,0,N,
1539,Lisp_(programming_language),Object-oriented_programming,0,N,
1540,Concurrency_control,Number_theory,0,N,
1541,Aerospace,Artificial_intelligence,0,N,
1542,Memory_hierarchy,Assembly_language,0,N,
1543,Graph_theory,Random_variable,0,N,
1544,OSI_model,Object_(computer_science),0,N,
1545,Calculus,Mathematical_induction,0,N,
1546,Statistics,Mathematical_optimization,0,N,
1547,Computer_science,Mathematical_model,0,N,
1548,Finite_difference,Recurrence_relation,0,N,
1549,Parametric_polymorphism,Object-oriented_programming,0,N,
1550,Cryptography,Email,0,N,
1551,SQL,Graph_theory,0,N,
1552,Natural_language,Knowledge_representation_and_reasoning,0,N,
1553,Fourier_analysis,Number_theory,0,N,
1554,JavaScript,Graphical_user_interface,0,N,
1555,Computational_complexity_theory,Programming_language,0,N,
1556,Web_browser,Java_(programming_language),0,N,
1557,Speech_recognition,Software_engineering,0,N,
1558,Unix,Object-oriented_programming,0,N,
1559,C++,Compiler,0,N,
1560,Graph_theory,Data_structure,0,N,
1561,Software_engineering,Graph_theory,0,N,
1562,User_interface,Combinatorics,0,N,
1563,Feature_extraction,MATLAB,0,N,
1564,SQL,Analysis_of_algorithms,0,N,
1565,Object-oriented_programming,Library_(computing),0,N,
1566,User_interface,Logic_programming,0,N,
1567,Information_theory,Markov_chain,0,N,
1568,Ray_tracing_(graphics),Parallel_computing,0,N,
1569,Forensic_science,Information_assurance,0,N,
1570,Computer_security,Communication,0,N,
1571,Combinatorics,Formal_grammar,0,N,
1572,JavaScript,Java_(programming_language),0,N,
1573,User_interface,Functional_programming,0,N,
1574,Motion_planning,Computational_complexity_theory,0,N,
1575,Knowledge_representation_and_reasoning,Combinatorics,0,N,
1576,Grammar,Theory_of_computation,0,N,
1577,Visual_perception,Scientific_modelling,0,N,
1578,Number_theory,Mathematical_optimization,0,N,
1579,Computational_chemistry,Cryptography,0,N,
1580,Compiler,Lisp_(programming_language),0,N,
1581,Turing_machine,Programming_language,0,N,
1582,Imperative_programming,Algorithm,0,N,
1583,Graph_theory,Computational_complexity_theory,0,N,
1584,Machine_learning,Computational_geometry,0,N,
1585,Combinational_logic,Finite-state_machine,0,N,
1586,Garbage_collection_(computer_science),Object-oriented_programming,0,N,
1587,Lazy_evaluation,Python_(programming_language),0,N,
1588,Data_mining,Knowledge_representation_and_reasoning,0,N,
1589,Image,Graph_theory,0,N,
1590,C++,Computer_architecture,0,N,
1591,HTML,Algorithm,0,N,
1592,Algorithm,Iteration,0,N,
1593,Architecture,Software_engineering,0,N,
1594,Computer_vision,Computer_graphics,0,N,
1595,Communications_protocol,Assembly_language,0,N,
1596,Computer_vision,3D_computer_graphics,0,N,
1597,Compiler,C_(programming_language),0,N,
1598,Parsing,Combinatorics,0,N,
1599,Computer_network,Kernel_(operating_system),0,N,
1600,Programming_language,Theory_of_computation,0,N,
1601,Computational_complexity_theory,Mathematical_optimization,0,N,
1602,Shortest_path_problem,Finite-state_machine,0,N,
1603,Parsing,Graph_theory,0,N,
1604,Differential_equation,Numerical_analysis,0,N,
1605,Hierarchy,Recursion,0,N,
1606,Propositional_calculus,NP-completeness,0,N,
1607,Machine_learning,Computational_chemistry,0,N,
1608,Microcode,Combinational_logic,0,N,
1609,MATLAB,Operating_system,0,N,
1610,Graph_theory,Automata_theory,0,N,
1611,Parallel_computing,Finite-state_machine,0,N,
1612,Information_retrieval,Relational_model,0,N,
1613,Bioinformatics,Software_engineering,0,N,
1614,Profiling_(computer_programming),Debugging,0,N,
1615,Pushdown_automaton,Regular_language,0,N,
1616,Object-oriented_programming,C_(programming_language),0,N,
1617,Automata_theory,Compiler,0,N,
1618,JavaScript,Compiler,0,N,
1619,Compiler,C++,0,N,
1620,Information_theory,Computer_vision,0,N,
1621,Eigenvalues_and_eigenvectors,Discrete_mathematics,0,N,
1622,Combinatorics,Software_engineering,0,N,
1623,Object-oriented_programming,String_(computer_science),0,N,
1624,Instruction_set,Computer_programming,0,N,
1625,Architecture,Artificial_intelligence,0,N,
1626,Algorithm_design,Object-oriented_programming,0,N,
1627,Computer_graphics,Graph_theory,0,N,
1628,Programming_paradigm,Operating_system,0,N,
1629,Abstraction_(computer_science),Algorithm,0,N,
1630,Relational_database,Object-oriented_programming,0,N,
1631,Transaction_processing,Graph_theory,0,N,
1632,Analysis_of_algorithms,Programming_language,0,N,
1633,Data_structure,Functional_programming,0,N,
1634,Computer_graphics,Combinatorics,0,N,
1635,Algorithm,Turing_machine,0,N,
1636,Inter-process_communication,Computer_programming,0,N,
1637,Software_engineering,Parsing,0,N,
1638,JavaScript,C_(programming_language),0,N,
1639,Logic_programming,Analysis_of_algorithms,0,N,
1640,Randomized_algorithm,Turing_machine,0,N,
1641,Java_(programming_language),Python_(programming_language),0,N,
1642,User_interface,Procedural_programming,0,N,
1643,Rendering_(computer_graphics),Graphics_processing_unit,0,N,
1644,Functional_programming,Software_design,0,N,
1645,Fourier_analysis,Correlation_and_dependence,0,N,
1646,Relational_database,Software_design,0,N,
1647,Computational_geometry,Automata_theory,0,N,
1648,Determinism,Randomness,0,N,
1649,Polynomial,Matrix_(mathematics),0,N,
1650,Computational_chemistry,Graph_theory,0,N,
1651,Algorithm,C++,0,N,
1652,Relational_database,User_interface,0,N,
1653,Graph_theory,Physics,0,N,
1654,Database_index,Transaction_processing,0,N,
1655,Parallel_computing,Logic_programming,0,N,
1656,Scalability,Algorithm,0,N,
1657,Computer_network,Privacy,0,N,
1658,User_interface,Object-oriented_programming,0,N,
1659,Visualization_(graphics),Graph_theory,0,N,S
1660,Security,Computer,0,N,
1661,Operating_system,Java_(programming_language),0,N,
1662,Lisp_(programming_language),ML_(programming_language),0,N,
1663,Embedded_system,Debugging,0,N,
1664,Geometry,Numerical_analysis,0,N,
1665,Database,Parallel_computing,0,N,
1666,Parametric_polymorphism,Object_(computer_science),0,N,
1667,Java_(programming_language),Computer_architecture,0,N,
1668,Computer_science,Mathematical_induction,0,N,
1669,System_programming,Debugging,0,N,
1670,Algorithm,Round-off_error,0,N,
1671,Semidefinite_programming,Flow_network,0,N,
1672,Finite-state_machine,Context-free_language,0,N,
1673,Pattern_matching,Control_flow,0,N,
1674,Computational_complexity_theory,Robotics,0,N,
1675,Expert_system,C_(programming_language),0,N,
1676,Sufficient_statistic,Poisson_distribution,0,N,
1677,Perl,Operating_system,0,N,
1678,Combinatorics,Object-oriented_programming,0,N,
1679,Compiler,Application_programming_interface,0,N,
1680,Data_structure,Object-oriented_programming,0,N,
1681,Genetic_algorithm,Data_structure,0,N,
1682,Semantics,Mathematical_proof,0,N,
1683,Computational_complexity_theory,Automata_theory,0,N,
1684,Lisp_(programming_language),C++,0,N,
1685,Query_optimization,Dynamic_programming,0,N,
1686,Automata_theory,Parsing,0,N,
1687,Vulnerability_(computing),Computer_programming,0,N,
1688,Expander_graph,Algorithm,0,N,
